classifiers;60;80;100
knn_classifier;0.8074999999999999;0.8020000000000002;0.7974999999999999
knn_classifier_hubness_weighted;0.8045000000000002;0.7949999999999999;0.795
knn_classifier_lid;0.8000000000000002;0.7785;0.7764999999999999
knn_classifier_lid_and_hubness_weight;0.8;0.79;0.7914999999999999
