classifiers;60;80;100
knn_classifier;0.9711743772241993;0.9637010676156585;0.9572953736654803
knn_classifier_hubness_weighted;0.9701067615658363;0.9647686832740213;0.958185053380783
knn_classifier_lid;0.9615658362989323;0.9519572953736655;0.9412811387900355
knn_classifier_lid_and_hubness_weight;0.9720640569395018;0.9665480427046264;0.9603202846975089
