classifiers;60;80;100
knn_classifier;0.8372294372294371;0.8177489177489179;0.8142857142857143
knn_classifier_hubness_weighted;0.8367965367965369;0.8173160173160173;0.8082251082251082
knn_classifier_lid;0.838095238095238;0.8177489177489177;0.8082251082251082
knn_classifier_lid_and_hubness_weight;0.8346320346320345;0.8121212121212121;0.8064935064935064
