classifiers;60;80;100
knn_classifier;0.8249162405219538;0.7628284253218126;0.7175983071768648
knn_classifier_hubness_weighted;0.8042673249867749;0.7703755951331335;0.7269970022923646
knn_classifier_lid;0.8022570975136661;0.7740257450185153;0.7156586140010581
knn_classifier_lid_and_hubness_weight;0.8136307529536237;0.7590019396931758;0.740169282313525
