classifiers;60;80;100
knn_classifier;0.5413783501566307;0.5307205012182388;0.5129829446571528
knn_classifier_hubness_weighted;0.5355029585798816;0.5248311869126349;0.5224643230073095
knn_classifier_lid;0.5685207100591716;0.5838914027149321;0.5590602158022973
knn_classifier_lid_and_hubness_weight;0.5720849286460146;0.5460772711451445;0.5378419770274974
