classifiers;60;80;100
knn_classifier;0.9339999999999999;0.9235;0.9075000000000001
knn_classifier_hubness_weighted;0.9375;0.93;0.9195
knn_classifier_lid;0.9259999999999999;0.9075;0.8795
knn_classifier_lid_and_hubness_weight;0.9489999999999998;0.9334999999999999;0.9269999999999999
