classifiers;60;80;100
knn_classifier;0.9540925266903914;0.9473309608540925;0.9444839857651244
knn_classifier_hubness_weighted;0.9567615658362989;0.95;0.941459074733096
knn_classifier_lid;0.9622775800711743;0.9546263345195729;0.9460854092526692
knn_classifier_lid_and_hubness_weight;0.9647686832740213;0.9594306049822064;0.9508896797153025
