classifiers;60;80;100
knn_classifier;0.8714285714285713;0.8597402597402597;0.8588744588744589
knn_classifier_hubness_weighted;0.8735930735930737;0.8679653679653679;0.8645021645021644
knn_classifier_lid;0.8969696969696971;0.8753246753246755;0.861038961038961
knn_classifier_lid_and_hubness_weight;0.9030303030303031;0.887012987012987;0.8805194805194805
