classifiers;60;80;100
knn_classifier;0.8305237171574678;0.7985540469053076;0.7552107212131899
knn_classifier_hubness_weighted;0.8193087638864398;0.8079527420208077;0.7891200846411568
knn_classifier_lid;0.7138070886968789;0.6177041086228178;0.5781872685593369
knn_classifier_lid_and_hubness_weight;0.796614353729501;0.7477164521248456;0.6950273320402045
