classifiers;60;80;100
knn_classifier;0.6323912286808214;0.6146815175774452;0.5862721893491124
knn_classifier_hubness_weighted;0.6312217194570136;0.6453811347024017;0.6370901496693352
knn_classifier_lid;0.6750087017055344;0.6678663418029934;0.6252975983292726
knn_classifier_lid_and_hubness_weight;0.6524886877828054;0.652481726418378;0.6536303515489036
