classifiers;60;80;100
knn_classifier;0.9832249502322495;0.9752063702720637;0.9737518248175183
knn_classifier_hubness_weighted;0.9883344392833443;0.981775713337757;0.9795912408759124
knn_classifier_lid;0.9701234240212342;0.9344233576642337;0.8710126078301261
knn_classifier_lid_and_hubness_weight;0.977422694094227;0.9592169873921698;0.9329900464499005
