classifiers;60;80;100
knn_classifier;0.8799999999999999;0.8674999999999999;0.8595
knn_classifier_hubness_weighted;0.8835;0.8704999999999998;0.865
knn_classifier_lid;0.884;0.8640000000000001;0.8355
knn_classifier_lid_and_hubness_weight;0.8945000000000001;0.8790000000000001;0.873
