classifiers;60;80;100
knn_classifier;0.7304727951786776;0.7135217723453018;0.7161191749427043
knn_classifier_hubness_weighted;0.7252949664714371;0.7200916730328496;0.722663610898905
knn_classifier_lid;0.7031236737119091;0.703123673711909;0.7083439436380614
knn_classifier_lid_and_hubness_weight;0.718767507002801;0.7174603174603174;0.6966216789746201
