classifiers;60;80;100
knn_classifier;0.4646769923495445;0.467538304392237;0.46284400992266156
knn_classifier_hubness_weighted;0.45712472118571645;0.45406016134748073;0.4499808217464718
knn_classifier_lid;0.46018865564611955;0.4571288903712659;0.456718642513185
knn_classifier_lid_and_hubness_weight;0.45814429551187175;0.4565128932063122;0.4569225156865606
