classifiers;60;80;100
knn_classifier;0.5543264879916464;0.5448381482770623;0.5283327532196311
knn_classifier_hubness_weighted;0.5779324747650539;0.5614479638009049;0.56024364775496
knn_classifier_lid;0.6098433693003829;0.6015384615384616;0.5944865993734771
knn_classifier_lid_and_hubness_weight;0.5992064044552732;0.5767838496345284;0.5850469892098851
